[
{"classificacao": "1", "titulo": "Bleach: Sennen Kessen-hen"},
{"classificacao": "2", "titulo": "Chainsaw Man"},
{"classificacao": "3", "titulo": "Spy x Family Part 2"},
{"classificacao": "4", "titulo": "One Piece"},
{"classificacao": "5", "titulo": "Mob Psycho 100 III"},
{"classificacao": "6", "titulo": "Blue Lock"},
{"classificacao": "7", "titulo": "Golden Kamuy 4th Season"},
{"classificacao": "8", "titulo": "Holo no Graffiti"},
{"classificacao": "9", "titulo": "Bocchi the Rock!"},
{"classificacao": "10", "titulo": "Mairimashita! Iruma-kun 3rd Season"},
{"classificacao": "11", "titulo": "Detective Conan"},
{"classificacao": "12", "titulo": "Boku no Hero Academia 6th Season"},
{"classificacao": "13", "titulo": "Mobile Suit Gundam: The Witch from Mercury"},
{"classificacao": "14", "titulo": "Douluo Dalu 2nd Season"},
{"classificacao": "15", "titulo": "Isekai Ojisan"},
{"classificacao": "16", "titulo": "Ginga Eiyuu Densetsu: Die Neue These - Sakubou"},
{"classificacao": "17", "titulo": "Doupo Cangqiong: Nian Fan"},
{"classificacao": "18", "titulo": "Crayon Shin-chan"},
{"classificacao": "19", "titulo": "Tunshi Xingkong 2nd Season"},
{"classificacao": "20", "titulo": "Kage no Jitsuryokusha ni Naritakute!"},
{"classificacao": "21", "titulo": "IDOLiSH7: Third Beat! Part 2"},
{"classificacao": "22", "titulo": "MILG\u042fAM"},
{"classificacao": "23", "titulo": "Doraemon (2005)"},
{"classificacao": "24", "titulo": "Akiba Meido Sensou"},
{"classificacao": "25", "titulo": "Yowamushi Pedal: Limit Break"},
{"classificacao": "26", "titulo": "Berserk: Ougon Jidai-hen - Memorial Edition"},
{"classificacao": "27", "titulo": "Do It Yourself!!"},
{"classificacao": "28", "titulo": "Akuyaku Reijou nanode Last Boss wo Kattemimashita"},
{"classificacao": "29", "titulo": "Fate/Grand Order"},
{"classificacao": "30", "titulo": "Xian Wang de Richang Shenghuo 3"},
{"classificacao": "31", "titulo": "Urusei Yatsura (2022)"},
{"classificacao": "32", "titulo": "Wanmei Shijie"},
{"classificacao": "33", "titulo": "Poputepipikku 2nd Season"},
{"classificacao": "34", "titulo": "Tensei shitara Ken Deshita"},
{"classificacao": "35", "titulo": "Uzaki-chan wa Asobitai! Double"},
{"classificacao": "36", "titulo": "Fuufu Ijou, Koibito Miman."},
{"classificacao": "37", "titulo": "Wushen Zhuzai"},
{"classificacao": "38", "titulo": "Yi Nian Yong Heng: Chuan Cheng Pian"},
{"classificacao": "39", "titulo": "Koukyuu no Karasu"},
{"classificacao": "40", "titulo": "Utawarerumono: Futari no Hakuoro"},
{"classificacao": "41", "titulo": "Long Zu"},
{"classificacao": "42", "titulo": "Chibi Maruko-chan (1995)"},
{"classificacao": "43", "titulo": "Mushikaburi-hime"},
{"classificacao": "44", "titulo": "Hifuu Katsudou Kiroku: The Sealed Esoteric History"},
{"classificacao": "45", "titulo": "Pokemon (2019)"},
{"classificacao": "46", "titulo": "Touhou Niji Sousaku Doujin Anime: Musou Kakyou"},
{"classificacao": "47", "titulo": "Yama no Susume: Next Summit"},
{"classificacao": "48", "titulo": "Dragon Quest: Dai no Daibouken (2020)"},
{"classificacao": "49", "titulo": "Delicious Party\u2661Precure"},
{"classificacao": "50", "titulo": "Ling Jian Zun 4th Season"}
]